{"schemaVersion":"1.0","appDefinitionTemplate":{"id":"/providers/Microsoft.PowerApps/apps/","type":"Microsoft.PowerApps/apps","tags":{"primaryDeviceWidth":"640","primaryDeviceHeight":"1136","sienaVersion":"20200717T135432Z-3.20071.22.0","deviceCapabilities":"","supportsPortrait":"true","supportsLandscape":"false","primaryFormFactor":"Phone","publisherVersion":"3.20071.22","minimumRequiredApiVersion":"2.2.0","hasComponent":"false","hasUnlockedComponent":"false","isUnifiedRootApp":"false"},"properties":{"appVersion":"2020-07-17T13:54:32Z","lifeCycleId":"Published","createdByClientVersion":{"major":3,"minor":20071,"build":22,"revision":0,"majorRevision":0,"minorRevision":0},"minClientVersion":{"major":3,"minor":20071,"build":22,"revision":0,"majorRevision":0,"minorRevision":0},"backgroundColor":"rgba(105, 180, 69, 1)","backgroundImageUri":"/9682021816953502976/Nd87c515d-30a3-40eb-a8ea-64801859cf87-logoSmallFile","displayName":"Book V1 ACC","description":"reserveer een werkplek en meer","commitMessage":"V 1.13","appUris":{"documentUri":{"value":"/9682021816953502976/N974c9e45-44a5-42ab-bf72-bb35c33cb22d-document.msapp","readonlyValue":"/9682021816953502976/N974c9e45-44a5-42ab-bf72-bb35c33cb22d-document.msapp"},"imageUris":[]},"createdTime":"0001-01-01T00:00:00Z","lastModifiedTime":"0001-01-01T00:00:00Z","sharedGroupsCount":0,"sharedUsersCount":0,"icons":{"smallIconUri":"/9682021816953502976/Nd4b954ba-f16e-46de-980c-fd0cb478c2ac-small.png","mediumIconUri":"/9682021816953502976/N0548c53a-3d02-488c-9698-8d445da3f974-medium.png","largeIconUri":"/9682021816953502976/Nb7cc75d1-87bd-4a21-bf04-f274bb1e4697-large.png","wideIconUri":"/9682021816953502976/N60b21731-44e2-4a0d-8613-380abf4ae180-wide.png"},"connectionReferences":{"227a25d8-3777-4364-a1c1-00e3d0568716":{"id":"7795b24e-b633-436c-a1fa-86c14efcfc40","displayName":"Office 365 Users","iconUri":"https://connectoricons-prod.azureedge.net/office365users/icon_1.0.1357.2029.png","dataSources":["Office365Users"],"dependencies":[],"dependents":[],"parameterHints":{},"isOnPremiseConnection":false,"bypassConsent":false,"dataSets":{},"apiTier":"Standard","isCustomApiConnection":false},"feafbfff-1171-4092-8275-9ed4e1133c2c":{"id":"4fae8d20-cca5-4eeb-a34d-a03909c9cf3f","displayName":"SharePoint","iconUri":"https://connectoricons-prod.azureedge.net/sharepointonline/icon_1.0.1363.2042.png","dataSources":["RR_Reservations","RR_Resources","RR_Selections","RR_Relations","RR_GuiContent","RR_Settings"],"dependencies":[],"dependents":[],"parameterHints":{},"isOnPremiseConnection":false,"bypassConsent":false,"dataSets":{"https://wortell.sharepoint.com/sites/werkplek-app-acc":{"dataSources":{"RR_Reservations":{"tableName":"6f8e47d0-b81c-4fd3-abf3-181a20e5220b"},"RR_Resources":{"tableName":"18fa6890-2f70-4c85-b614-a889d7b4839d"},"RR_Selections":{"tableName":"0f315426-7ea7-49d9-bfe7-11140190c012"},"RR_Relations":{"tableName":"35bab207-69c1-45c1-bad1-d342ef9737e0"},"RR_GuiContent":{"tableName":"b88b5ec6-0bfa-4eba-b57b-800c9718053c"},"RR_Settings":{"tableName":"64dbbe97-56a9-4fef-8fc7-977f1872c27a"}}}},"apiTier":"Standard","isCustomApiConnection":false}},"databaseReferences":{},"almMode":"Environment","performanceOptimizationEnabled":true,"canConsumeAppPass":true},"isAppComponentLibrary":false,"appType":"ClassicCanvasApp","appComponents":[]}}